{
    "vertices":[-0.481241,-0.07917,0.49344,-0.492051,0.389215,0.354248,-0.5,0.331846,-0.303761,-0.492883,-0.122585,-0.467346,-0.490083,-0.399094,-0.324559,-0.485106,-0.385001,0.404527,-0.082296,-0.370848,-0.269785,0.492003,-0.253042,-0.277656,0.063033,-0.158831,-0.50656,0.5,-0.108,-0.443242,-0.242566,0.393443,-0.397542,0.476234,0.234973,-0.42968,-0.230227,0.409432,0.327801,0.134158,0.409358,-0.077945,0.470309,0.345702,-0.178752,-0.229138,0.042233,0.466212,0.134643,0.203726,0.42046,0.482744,0.18497,0.331276,-0.118443,-0.324867,0.318457,0.164097,-0.197457,0.205418,0.492787,-0.208346,0.149507,-0.496026,0.443346,0.025243,-0.487595,-0.505652,0.039984,-0.481241,-0.094044,0.6117,-0.492051,0.462337,0.442367,-0.5,0.39419,-0.358126,-0.492883,-0.145616,-0.557134,-0.490083,-0.474072,-0.383427,-0.485106,-0.457331,0.503534,-0.082296,-0.440519,-0.316793,0.492003,-0.300581,-0.326368,0.063033,-0.18867,-0.604839,0.5,-0.12829,-0.52781,-0.242567,0.467359,-0.472214,0.476234,0.279118,-0.511312,-0.230227,0.486352,0.410194,0.134158,0.486264,-0.083413,0.470309,0.410649,-0.206048,-0.229138,0.050168,0.578576,0.134643,0.242,0.522916,0.482744,0.21972,0.414421,-0.118443,-0.3859,0.398827,0.164097,-0.234554,0.26131,0.492787,-0.247488,0.193292,-0.496026,0.526637,0.042121,-0.487595,-0.600649,0.060053],
    "metadata":{
        "type":"Geometry",
        "generator":"io_three",
        "vertices":46,
        "version":3,
        "normals":78,
        "uvs":0,
        "faces":78
    },
    "normals":[0.033269,-0.958247,0.283998,-0.067111,-0.933557,0.352091,0.038815,-0.935065,0.352345,-0.247653,-0.922345,-0.296558,-0.243263,-0.923002,-0.298146,-0.262006,-0.925805,-0.272466,0.56475,-0.235088,0.791069,-0.149432,0.879164,-0.452482,0.095495,0.695926,-0.711736,0.058933,0.985056,0.161839,0.389704,0.868435,0.306514,0.059607,-0.162759,0.984864,0.023878,0.021626,0.999481,-0.195064,0.276788,0.940924,0.001332,0.981207,0.192952,-0.13769,0.989279,0.048658,-0.179785,0.643238,-0.74426,0.015239,-0.104082,-0.994452,-0.206194,-0.890237,-0.406154,-0.134007,-0.877482,-0.460507,-0.487119,-0.784121,-0.384539,-0.441089,-0.096846,-0.892223,-0.19809,-0.243705,-0.949404,-0.151869,0.605982,-0.780847,-0.145915,-0.37719,0.914569,-0.260043,-0.284457,0.922747,-0.052508,0.40212,0.91408,-0.390736,-0.350749,0.851059,-0.441482,0.292774,0.848161,0.23864,0.017343,0.970953,0.223404,0.304887,0.925816,-0.057996,-0.081339,-0.994998,-0.040382,0.956112,-0.290204,0.08131,0.929744,-0.359115,-0.04706,0.931907,-0.35963,0.296322,0.907171,0.298719,0.29121,0.908251,0.300462,0.313067,0.909325,0.274075,-0.631496,0.216082,-0.744662,0.179935,-0.870196,0.458675,-0.114518,-0.686008,0.718525,-0.071589,-0.983608,-0.165501,-0.456726,-0.836628,-0.302415,-0.070797,0.158906,-0.984752,-0.028361,-0.021114,-0.999375,0.230325,-0.268648,-0.935296,-0.001619,-0.980316,-0.19743,0.166739,-0.984753,-0.049605,0.214203,-0.629968,0.746497,-0.018106,0.10165,0.994655,0.247347,0.877832,0.41016,0.161499,0.869272,0.467209,0.559675,0.740557,0.37194,0.504287,0.091013,0.858727,0.233749,0.236388,0.943124,0.181093,-0.59397,0.78384,0.173145,0.367911,-0.913599,0.305252,0.274476,-0.911857,0.062573,-0.393906,-0.917018,0.45145,0.333117,-0.827784,0.505536,-0.275579,-0.817612,-0.280214,-0.01674,-0.959792,-0.263254,-0.295322,-0.918413,0.068854,0.079379,0.994464,0.99977,-0.018731,-0.010493,-0.99993,0.009827,0.006597,0.999736,0.000794,-0.022963,-0.999796,0.005487,0.019442,-0.999946,0.010035,-0.002583,0.999983,-0.005779,-0.001319,0.999999,-0.001665,-9.4e-05,-0.999909,-0.003551,0.01302,0.999981,-0.004998,0.003556,0.997982,0.009022,-0.062856,0.999367,0.016135,0.031705,-0.999966,0.004537,0.006882,0.99978,0.014844,-0.014821,-0.999938,0.004147,-0.010332],
    "uvs":[],
    "name":"PlaneGeometry",
    "faces":[32,1,15,0,0,0,0,32,12,15,1,1,1,1,32,12,16,15,2,2,2,32,16,18,15,3,3,3,32,15,18,0,4,4,4,32,0,18,5,5,5,5,32,18,22,4,6,6,6,32,4,6,3,7,7,7,32,6,8,3,8,8,8,32,8,10,3,9,9,9,32,3,10,2,10,10,10,32,12,1,21,11,11,11,32,12,10,13,12,12,12,32,13,10,11,13,13,13,32,10,8,11,14,14,14,32,11,8,9,15,15,15,32,8,7,9,16,16,16,32,20,7,19,17,17,17,32,20,16,17,18,18,18,32,20,19,16,19,19,19,32,19,18,16,20,20,20,32,18,19,6,21,21,21,32,19,7,6,22,22,22,32,7,8,6,23,23,23,32,16,13,17,24,24,24,32,17,13,14,25,25,25,32,14,13,11,26,26,26,32,13,16,12,27,27,27,32,21,2,12,28,28,28,32,2,10,12,29,29,29,32,18,5,22,30,30,30,32,6,4,18,31,31,31,32,24,23,38,32,32,32,32,35,24,38,33,33,33,32,35,38,39,34,34,34,32,39,38,41,35,35,35,32,38,23,41,36,36,36,32,23,28,41,37,37,37,32,41,27,45,38,38,38,32,27,26,29,39,39,39,32,29,26,31,40,40,40,32,31,26,33,41,41,41,32,26,25,33,42,42,42,32,35,44,24,43,43,43,32,35,36,33,44,44,44,32,36,34,33,45,45,45,32,33,34,31,46,46,46,32,34,32,31,47,47,47,32,31,32,30,48,48,48,32,43,42,30,49,49,49,32,43,40,39,50,50,50,32,43,39,42,51,51,51,32,42,39,41,52,52,52,32,41,29,42,53,53,53,32,42,29,30,54,54,54,32,30,29,31,55,55,55,32,39,40,36,56,56,56,32,40,37,36,57,57,57,32,37,34,36,58,58,58,32,36,35,39,59,59,59,32,44,35,25,60,60,60,32,25,35,33,61,61,61,32,41,45,28,62,62,62,32,29,41,27,63,63,63,33,17,14,37,40,64,64,64,64,33,21,1,24,44,65,65,65,65,33,20,17,40,43,66,66,66,66,33,1,0,23,24,67,67,67,67,33,2,21,44,25,68,68,68,68,33,4,22,45,27,69,69,69,69,33,7,20,43,30,70,70,70,70,33,3,2,25,26,71,71,71,71,33,22,5,28,45,72,72,72,72,33,11,9,32,34,73,73,73,73,33,9,7,30,32,74,74,74,74,33,4,3,26,27,75,75,75,75,33,14,11,34,37,76,76,76,76,33,0,5,28,23,77,77,77,77]
}