{
    "normals":[-0.033269,0.958247,-0.283998,0.067111,0.933557,-0.352091,-0.038815,0.935065,-0.352345,0.247653,0.922345,0.296558,0.243263,0.923002,0.298146,0.262006,0.925805,0.272466,-0.56475,0.235088,-0.791069,0.149432,-0.879164,0.452482,-0.095495,-0.695926,0.711736,-0.058933,-0.985056,-0.161839,-0.389704,-0.868435,-0.306514,-0.059607,0.162759,-0.984864,-0.023878,-0.021626,-0.999481,0.195064,-0.276788,-0.940924,-0.001332,-0.981207,-0.192952,0.13769,-0.989279,-0.048658,0.179785,-0.643238,0.74426,-0.015239,0.104082,0.994452,0.206194,0.890237,0.406154,0.134007,0.877482,0.460507,0.487119,0.78412,0.384539,0.441089,0.096846,0.892223,0.19809,0.243705,0.949404,0.151869,-0.605982,0.780847,0.145915,0.37719,-0.914569,0.260043,0.284457,-0.922747,0.052508,-0.40212,-0.91408,0.390736,0.350749,-0.851059,0.441482,-0.292774,-0.848161,-0.23864,-0.017343,-0.970953,-0.223404,-0.304887,-0.925816,0.057996,0.081339,0.994998],
    "vertices":[-0.481241,-0.07917,0.49344,-0.492051,0.389215,0.354248,-0.5,0.331846,-0.303761,-0.492883,-0.122585,-0.467346,-0.490083,-0.399094,-0.324559,-0.485106,-0.385001,0.404527,-0.082296,-0.370848,-0.269785,0.492003,-0.253042,-0.277656,0.063033,-0.158831,-0.50656,0.5,-0.108,-0.443242,-0.242566,0.393443,-0.397542,0.476234,0.234973,-0.42968,-0.230227,0.409432,0.327801,0.134158,0.409358,-0.077945,0.470309,0.345702,-0.178752,-0.229138,0.042233,0.466212,0.134643,0.203726,0.42046,0.482744,0.18497,0.331276,-0.118443,-0.324867,0.318457,0.164097,-0.197457,0.205418,0.492787,-0.208346,0.149507,-0.496026,0.443346,0.025243,-0.487595,-0.505652,0.039984],
    "uvs":[],
    "faces":[32,1,0,15,0,0,0,32,12,1,15,1,1,1,32,12,15,16,2,2,2,32,16,15,18,3,3,3,32,15,0,18,4,4,4,32,0,5,18,5,5,5,32,18,4,22,6,6,6,32,4,3,6,7,7,7,32,6,3,8,8,8,8,32,8,3,10,9,9,9,32,3,2,10,10,10,10,32,12,21,1,11,11,11,32,12,13,10,12,12,12,32,13,11,10,13,13,13,32,10,11,8,14,14,14,32,11,9,8,15,15,15,32,8,9,7,16,16,16,32,20,19,7,17,17,17,32,20,17,16,18,18,18,32,20,16,19,19,19,19,32,19,16,18,20,20,20,32,18,6,19,21,21,21,32,19,6,7,22,22,22,32,7,6,8,23,23,23,32,16,17,13,24,24,24,32,17,14,13,25,25,25,32,14,11,13,26,26,26,32,13,12,16,27,27,27,32,21,12,2,28,28,28,32,2,12,10,29,29,29,32,18,22,5,30,30,30,32,6,18,4,31,31,31],
    "name":"PlaneGeometry",
    "metadata":{
        "version":3,
        "type":"Geometry",
        "generator":"io_three",
        "uvs":0,
        "faces":32,
        "vertices":23,
        "normals":32
    }
}