{
    "faces":[32,1,15,0,0,0,0,32,12,15,1,1,1,1,32,12,16,15,2,2,2,32,16,18,15,3,3,3,32,15,18,0,4,4,4,32,0,18,5,5,5,5,32,18,22,4,6,6,6,32,4,6,3,7,7,7,32,6,8,3,8,8,8,32,8,10,3,9,9,9,32,3,10,2,10,10,10,32,12,1,21,11,11,11,32,12,10,13,12,12,12,32,13,10,11,13,13,13,32,10,8,11,14,14,14,32,11,8,9,15,15,15,32,8,7,9,16,16,16,32,20,7,19,17,17,17,32,20,16,17,18,18,18,32,20,19,16,19,19,19,32,19,18,16,20,20,20,32,18,19,6,21,21,21,32,19,7,6,22,22,22,32,7,8,6,23,23,23,32,16,13,17,24,24,24,32,17,13,14,25,25,25,32,14,13,11,26,26,26,32,13,16,12,27,27,27,32,21,2,12,28,28,28,32,2,10,12,29,29,29,32,18,5,22,30,30,30,32,6,4,18,31,31,31,32,24,23,38,32,32,32,32,35,24,38,33,33,33,32,35,38,39,34,34,34,32,39,38,41,35,35,35,32,38,23,41,36,36,36,32,23,28,41,37,37,37,32,41,27,45,38,38,38,32,27,26,29,39,39,39,32,29,26,31,40,40,40,32,31,26,33,41,41,41,32,26,25,33,42,42,42,32,35,44,24,43,43,43,32,35,36,33,44,44,44,32,36,34,33,45,45,45,32,33,34,31,46,46,46,32,34,32,31,47,47,47,32,31,32,30,48,48,48,32,43,42,30,49,49,49,32,43,40,39,50,50,50,32,43,39,42,51,51,51,32,42,39,41,52,52,52,32,41,29,42,53,53,53,32,42,29,30,54,54,54,32,30,29,31,55,55,55,32,39,40,36,56,56,56,32,40,37,36,57,57,57,32,37,34,36,58,58,58,32,36,35,39,59,59,59,32,44,35,25,60,60,60,32,25,35,33,61,61,61,32,41,45,28,62,62,62,32,29,41,27,63,63,63,33,17,14,37,40,64,64,64,64,33,21,1,24,44,65,65,65,65,33,20,17,40,43,66,66,66,66,33,1,0,23,24,67,67,67,67,33,2,21,44,25,68,68,68,68,33,4,22,45,27,69,69,69,69,33,7,20,43,30,70,70,70,70,33,3,2,25,26,71,71,71,71,33,22,5,28,45,72,72,72,72,33,11,9,32,34,73,73,73,73,33,9,7,30,32,74,74,74,74,33,4,3,26,27,75,75,75,75,33,14,11,34,37,76,76,76,76,33,0,5,28,23,77,77,77,77],
    "name":"PlaneGeometry",
    "uvs":[],
    "metadata":{
        "type":"Geometry",
        "version":3,
        "generator":"io_three",
        "faces":78,
        "uvs":0,
        "vertices":46,
        "normals":78
    },
    "vertices":[-0.481241,-0.07917,0.49344,-0.492051,0.389215,0.354248,-0.5,0.331846,-0.303761,-0.492883,-0.122585,-0.467346,-0.490083,-0.399094,-0.324559,-0.485106,-0.385001,0.404527,-0.082296,-0.370848,-0.269785,0.492003,-0.253042,-0.277656,0.063033,-0.158831,-0.50656,0.5,-0.108,-0.443242,-0.242566,0.393443,-0.397542,0.476234,0.234973,-0.42968,-0.230227,0.409432,0.327801,0.134158,0.409358,-0.077945,0.470309,0.345702,-0.178752,-0.229138,0.042233,0.466212,0.134643,0.203726,0.42046,0.482744,0.18497,0.331276,-0.118443,-0.324867,0.318457,0.164097,-0.197457,0.205418,0.492787,-0.208346,0.149507,-0.496026,0.443346,0.025243,-0.487595,-0.505652,0.039984,-0.481241,-0.102921,0.641472,-0.492051,0.505979,0.460523,-0.5,0.4314,-0.394889,-0.492883,-0.159361,-0.60755,-0.490083,-0.518822,-0.421926,-0.485106,-0.500501,0.525885,-0.082296,-0.482102,-0.35072,0.492003,-0.328955,-0.360952,0.063033,-0.20648,-0.658528,0.5,-0.1404,-0.576215,-0.242566,0.511475,-0.516804,0.476234,0.305465,-0.558585,-0.230227,0.532261,0.426142,0.134158,0.532165,-0.101329,0.470309,0.449412,-0.232377,-0.229138,0.054903,0.606075,0.134643,0.264844,0.546597,0.482744,0.24046,0.430659,-0.118443,-0.422327,0.413994,0.164097,-0.256695,0.267044,0.492787,-0.27085,0.194359,-0.496026,0.576349,0.032817,-0.487595,-0.657347,0.051979],
    "normals":[0.033269,-0.958247,0.283998,-0.067111,-0.933557,0.352091,0.038815,-0.935065,0.352345,-0.247653,-0.922345,-0.296558,-0.243263,-0.923002,-0.298146,-0.262006,-0.925805,-0.272466,0.56475,-0.235088,0.791069,-0.149432,0.879164,-0.452482,0.095495,0.695926,-0.711736,0.058933,0.985056,0.161839,0.389704,0.868435,0.306514,0.059607,-0.162759,0.984864,0.023878,0.021626,0.999481,-0.195064,0.276788,0.940924,0.001332,0.981207,0.192952,-0.13769,0.989279,0.048658,-0.179785,0.643238,-0.74426,0.015239,-0.104082,-0.994452,-0.206194,-0.890237,-0.406154,-0.134007,-0.877482,-0.460507,-0.487119,-0.784121,-0.384539,-0.441089,-0.096846,-0.892223,-0.19809,-0.243705,-0.949404,-0.151869,0.605982,-0.780847,-0.145915,-0.37719,0.914569,-0.260043,-0.284457,0.922747,-0.052508,0.40212,0.91408,-0.390736,-0.350749,0.851059,-0.441482,0.292774,0.848161,0.23864,0.017343,0.970953,0.223404,0.304887,0.925816,-0.057996,-0.081339,-0.994998,-0.043233,0.957882,-0.28389,0.08711,0.93211,-0.351545,-0.050433,0.934579,-0.352162,0.315345,0.903428,0.290476,0.309977,0.904716,0.292239,0.332817,0.904628,0.266234,-0.664672,0.212833,-0.71618,0.192782,-0.872469,0.449036,-0.123755,-0.693747,0.709507,-0.076522,-0.983878,-0.161645,-0.48199,-0.826224,-0.291616,-0.077394,0.16256,-0.983659,-0.031035,-0.021622,-0.999284,0.250318,-0.273224,-0.928811,-0.001732,-0.981207,-0.192952,0.177838,-0.982872,-0.048343,0.231156,-0.636183,0.736097,-0.01981,0.104074,0.994372,0.264205,0.87746,0.400325,0.173139,0.872096,0.45768,0.58702,0.726871,0.356464,0.538414,0.090934,0.83776,0.254101,0.240471,0.936806,0.195878,-0.601217,0.774706,0.188312,0.37445,-0.907924,0.330435,0.278045,-0.901945,0.068196,-0.401738,-0.913212,0.483145,0.333616,-0.809488,0.538837,-0.274874,-0.796303,-0.30431,-0.017012,-0.952421,-0.285551,-0.299769,-0.910274,0.075307,0.081245,0.993845,0.999795,-0.019437,-0.005586,-0.999942,0.009771,0.004454,0.999764,0.001055,-0.02171,-0.999814,0.00662,0.018099,-0.99995,0.009363,-0.003364,0.999984,-0.005436,-0.00171,0.999999,-0.001643,-0.000456,-0.999917,-0.003366,0.012405,0.999984,-0.005094,0.002543,0.998172,0.008699,-0.059803,0.999419,0.015267,0.030484,-0.999969,0.004328,0.00657,0.999793,0.014037,-0.014708,-0.999942,0.004939,-0.009554]
}